timestamp,type,log
"2025-10-03T10:54:55.198Z","info","new request in wallet for deposit _FIRST-FORM_ data data: {""amount"":54641455,""mobile"":""09304721160"",""cust_name"":""fgh"",""order_id"":""e73f2a0d-7014-4c90-9562-6c71e4cbd8eb""} user: [{""name"":""mobile"",""value"":""09304721160"",""path"":""/""},{""name"":""lastlogin_date"",""value"":""1404-07-11"",""path"":""/""},{""name"":""role"",""value"":""330"",""path"":""/""},{""name"":""user_status"",""value"":""ACTIVE"",""path"":""/""},{""name"":""role_type"",""value"":""1"",""path"":""/""},{""name"":""role_count"",""value"":""2"",""path"":""/""},{""name"":""uzrprm"",""value"":""[[\""122\"",\""122\"",\""122\"",\""116\"",\""115\"",\""115\"",\""115\"",\""115\"",\""114\"",\""114\"",\""114\"",\""109\"",\""104\"",\""113\"",\""115\"",\""114\"",\""113\"",\""112\"",\""108\"",\""110\"",\""66\""],[\""728\"",\""725\"",\""724\"",\""783\"",\""718\"",\""715\"",\""713\"",\""712\"",\""723\"",\""721\"",\""719\"",\""776\"",\""771\"",\""709\"",\""782\"",\""781\"",\""780\"",\""779\"",\""775\"",\""777\"",\""708\""],[1,1,1,1,1,1,1,1,1,1,1,1,2,1,1,1,1,1,2,3,null]]"",""path"":""/""},{""name"":""deposit-amount"",""value"":""23521322"",""path"":""/""},{""name"":""deposit-token"",""value"":""e9b8ccfd-e3f9-4d98-b4c0-cfb6a3df2423"",""path"":""/""},{""name"":""lastlogin_time"",""value"":""13:51:29"",""path"":""/""},{""name"":""access_token"",""value"":""eyJhbGciOiJSUzI1NiIsInR5cCI6IkpXVCJ9.eyJpc3MiOiJodHRwczovL3Nzby5tYXN0ZXIubG9jYWwiLCJzdWIiOiIyNDciLCJhdWQiOiJtYXN0ZXIiLCJpYXQiOjE3NTk0ODg4NzEsIm5iZiI6MTc1OTQ4ODg2NiwiZXhwIjoxNzU5NDk5NjcxLCJqdGkiOiI0MmYyMDA0Ni1hMGMyLTRiNTEtOTFmZS1iYzlkZmQ4MTY2M2IiLCJ0eXBlIjoiYWNjZXNzIiwidXNlcm5hbWUiOiIwOTEyMzM1ODE1NyIsImVtYWlsIjoiTiIsIm1vYmlsZSI6IjA5MTIzMzU4MTU3Iiwicm9sZXMiOiJBU1NJU1RBTlQiLCJhcHBfaWQiOiJtYXN0ZXIiLCJpcCI6IjE3OC4xMzEuMTQ0LjIzMiIsImRldmljZV9pZCI6bnVsbCwidGVuYW50IjpudWxsLCJ0aW1lem9uZSI6IkFzaWEvVGVocmFuIn0.ARvuJ1RoTuJCQoVoAg6D65v3sfJJt4CgrtvIs-1CygBwGImTZJYgxwo-C9-SZBWACQaRn8Cz-I_7ZU1MN-8qjujvN7pWk7_5-yQjqOMp-kCUeS5dOOWO285jLWnEutQ8xb_YHZ_UnNLkPMQJ7g2ubNjLuTbr3uSmNkrawanWcUv-F0iXucjhYdgMAI8if5yJ1xBUCsy74D0C3G_EQyinaUchzeTpF4bP8OKgU76ZGWFZmmjmKfGtyEXLHNwGfJVj_vybRbFiDlyDXC7I76ZtauEuy7TBlxDc2WI43yIaumXbwBJ04wDv8I2wh_wEZTYEEbZgVA-YW2pBtx9SOLur61qcJOZMrIqo8cXl_hveFWbSUGsIHl1H5yIJkHaHZrbR6z-JQN5az7cS0tApE2EWRb6qYv1hEfoHBGnUaXk6RYDwr1eqSlZdW7kQut6RowcDH7AsZiS6idpY9ByT971Fd1b3u-cdIjP0YJwvtSW3ZJXZ_G1TZaw4kT5zfP3u5FtIsJJ9o0XbvhbmvHtzjaoRnMdeBwTLmdUCLTLgHoVZLVL6devCcyfxCSTcV7XH3C0RM-kUO3uOVVsCs_wtSMrAI7IvAnIao6106Oq-kIxmHqcemQj4b3omasneB950oL5TCn5AxfQMeUVmlMDO4-0DlchA5BGZp-EmyXLuulMZShM"",""path"":""/""}]"
"2025-10-03T10:55:17.570Z","info","new request in wallet for deposit _FIRST-FORM_ data data: {""amount"":10000000,""mobile"":""09382987699"",""cust_name"":""Gggg"",""order_id"":""82514943-a276-49e8-974f-3616efb83d06""} user: [{""name"":""access_token"",""value"":""eyJhbGciOiJSUzI1NiIsInR5cCI6IkpXVCJ9.eyJpc3MiOiJodHRwczovL3Nzby5tYXN0ZXIubG9jYWwiLCJzdWIiOiIyOSIsImF1ZCI6Im1hc3RlciIsImlhdCI6MTc1OTQ4ODg5NiwibmJmIjoxNzU5NDg4ODkxLCJleHAiOjE3NTk0OTk2OTYsImp0aSI6IjVlNDlmZjFmLTdjNDEtNDJiZC1iMzdhLTMwYTZkNGE2M2FkOSIsInR5cGUiOiJhY2Nlc3MiLCJ1c2VybmFtZSI6IjA5MzgyOTg3Njk5IiwiZW1haWwiOiJOIiwibW9iaWxlIjoiMDkzODI5ODc2OTkiLCJyb2xlcyI6Ik1BTkFHRVIiLCJhcHBfaWQiOiJtYXN0ZXIiLCJpcCI6IjUuMTEyLjg0LjQ5IiwiZGV2aWNlX2lkIjpudWxsLCJ0ZW5hbnQiOm51bGwsInRpbWV6b25lIjoiQXNpYS9UZWhyYW4ifQ.e5kusfd_A62IfvvcTOQ4HX9txucYSBWKq_BNiwkGCLoYeBWLwuJqd-GCWWSE0gC97637RvAhZOFU0VnEfC2LY8W6a_4zg6-eBrSquXzzoHLNlk6oYln0TavfFs477EvY8vGKT1zv87sPQxYaSufHbjJEYUR57zjRKhRRwoXqTtqNyZxdHJ797_K8z4Ea_MsIxzCBCfDm68FPPvPUgN1mgtAiVe75Iorh2y7z6bvUC85ZBsXWjKxlu1yZMp7EY4_oA1SOErfMRWlf0w_ZEO5HuBp0bPrSY0Z_36KfHpsVhsIguDYfBcoOxQuW2uqnDRQVzDfV9-xJLV4gI8v4NrI1QoEtwz85mrtEXLvSMHxaU0S_S3BeHsdMSoifIBVknTSdrEdKQDid_3Btj_JrAm5Q3jadtcLfHsYZsBA3Pqn4VTCaDCFWtMMxHrSYnwUvDXpeQH4BYXRg7syadQjWqD1kfw0SN-wD8Sq-PQEphhDqq1XXgbwAgde31_FoHGC2_Q6yXaN1Hzu8Z9Up-Y65d9MID_FBS7f-OMnou-_qpp4hg9I-4c1OG67425qK9G12mixdNk69uOfsfB7mRWLzAqhb5YKhS7w4Bc4nAYJvrbh0iDVCNbXZA2IK7lHBxSXRmmx2i-j-DHASkgCV7CR1BEPwup3HwiWzbYeLjg5fciLQ7d4"",""path"":""/""},{""name"":""lastlogin_date"",""value"":""1404-07-11"",""path"":""/""},{""name"":""lastlogin_time"",""value"":""14:13:47"",""path"":""/""},{""name"":""mobile"",""value"":""09382987699"",""path"":""/""},{""name"":""uzrprm"",""value"":""[[\""123\"",\""123\"",\""122\"",\""122\"",\""122\"",\""122\"",\""121\"",\""119\"",\""118\"",\""117\"",\""116\"",\""115\"",\""115\"",\""115\"",\""115\"",\""115\"",\""115\"",\""115\"",\""114\"",\""114\"",\""114\"",\""114\"",\""114\"",\""113\"",\""112\"",\""111\"",\""111\"",\""111\"",\""110\"",\""109\"",\""108\"",\""107\"",\""106\"",\""105\"",\""104\"",\""113\""],[\""789\"",\""784\"",\""786\"",\""729\"",\""727\"",\""726\"",\""783\"",\""788\"",\""787\"",\""785\"",\""783\"",\""782\"",\""717\"",\""716\"",\""715\"",\""714\"",\""713\"",\""712\"",\""781\"",\""723\"",\""722\"",\""721\"",\""720\"",\""780\"",\""779\"",\""778\"",\""711\"",\""710\"",\""777\"",\""776\"",\""775\"",\""774\"",\""773\"",\""772\"",\""771\"",\""709\""],[1,1,1,1,1,1,1,1,2,3,1,1,1,1,1,1,1,1,1,1,1,1,1,1,1,2,1,2,3,1,2,1,1,3,2,1]]"",""path"":""/""},{""name"":""role"",""value"":""9"",""path"":""/""},{""name"":""role_count"",""value"":""1"",""path"":""/""},{""name"":""role_type"",""value"":""1"",""path"":""/""},{""name"":""user_status"",""value"":""ACTIVE"",""path"":""/""}]"
"2025-10-03T11:35:59.553Z","info","new request in wallet for deposit _FIRST-FORM_ data data: {""amount"":540000000,""mobile"":""09126148825"",""cust_name"":""امیری"",""order_id"":""2518a226-e589-4978-9201-5082b409f3b9""} user: [{""name"":""role"",""value"":""200"",""path"":""/""},{""name"":""user_status"",""value"":""ACTIVE"",""path"":""/""},{""name"":""role_type"",""value"":""1"",""path"":""/""},{""name"":""role_count"",""value"":""1"",""path"":""/""},{""name"":""access_token"",""value"":""eyJhbGciOiJSUzI1NiIsInR5cCI6IkpXVCJ9.eyJpc3MiOiJodHRwczovL3Nzby5tYXN0ZXIubG9jYWwiLCJzdWIiOiIxNzkiLCJhdWQiOiJtYXN0ZXIiLCJpYXQiOjE3NTk0OTEzMjMsIm5iZiI6MTc1OTQ5MTMxOCwiZXhwIjoxNzU5NTAyMTIzLCJqdGkiOiIyZjM1MTk4Ny1lNzhlLTQzMWEtYWMxZi0wY2FjYTYwY2UxN2QiLCJ0eXBlIjoiYWNjZXNzIiwidXNlcm5hbWUiOiIwOTEyMTk0MTgyNiIsImVtYWlsIjoiTiIsIm1vYmlsZSI6IjA5MTIxOTQxODI2Iiwicm9sZXMiOiJNQU5BR0VSIiwiYXBwX2lkIjoibWFzdGVyIiwiaXAiOiI1LjUyLjE0Ni4yMDkiLCJkZXZpY2VfaWQiOm51bGwsInRlbmFudCI6bnVsbCwidGltZXpvbmUiOiJBc2lhL1RlaHJhbiJ9.GO6SnRZ-EaATsAGc3pCYVVf7NmRL3kmrjmXLvMo3lrn2sC2YgCX1XAHBjwTHI_ak0WAHkQW_8nAjO2u8rp3YrOJ-eBbk1N44oZPnVx0dePPcV_-X3N2eocyyIQd-MrtTwgPvapUhRFFyMq_57b7JrFx8Ou1XuMRFeKR7E23aQEmhG0sG73jvdwGqfSGEAqPlTwOegRm0OWJVbRqAX9QB-890ntI44jhZs25sbxtLEgGM0hAFh1HL7ZNsRCExns3HT5TOGbcR4XlGrXf-y9Y9CaOn5IcrgKyWxI-_L3ddI3lwivqyoqSvdOshzKr5IvnYhvi4lDDQx1YncBrG7xSjd2jCW8ucqvcoO6Ea2CiE-upBVvp9o2unlxhAGWI1RGzXbs4FCMCEiVo1JeKCYf918SZrf9VekcF23IsbZ6BRlgUaOW0YAW3HmsCb9CX6KYSYEGJuIDJsenn7CMubbhwTNGnStAn_tzjS4wKUDgIDveiz4euZe7m0XaB4kXc9cQBsGeXp6Nt4EriHOx1KU8VInckA3qvT19JokZDnWK6EQjDvQUPo6eugUpqqesHnvaxB8B2k_XM4H37apE3mUFejdxdKWtAT4CzKFPbUbZQZItO3R0OSZ6uMa6-3s88t6LZrM7S81Wz1Z9syu0hA_l9E7BfDkTH0KO5bX0XP9JR_JNw"",""path"":""/""},{""name"":""mobile"",""value"":""09121941826"",""path"":""/""},{""name"":""lastlogin_date"",""value"":""1404-07-10"",""path"":""/""},{""name"":""lastlogin_time"",""value"":""22:20:18"",""path"":""/""},{""name"":""uzrprm"",""value"":""[[\""115\"",\""115\"",\""115\"",\""115\"",\""115\"",\""115\"",\""115\"",\""114\"",\""114\"",\""114\"",\""114\"",\""114\"",\""113\"",\""112\"",\""111\"",\""111\"",\""111\"",\""110\"",\""109\"",\""108\"",\""107\"",\""106\"",\""105\"",\""104\"",\""113\""],[\""782\"",\""717\"",\""716\"",\""715\"",\""714\"",\""713\"",\""712\"",\""781\"",\""723\"",\""722\"",\""721\"",\""720\"",\""780\"",\""779\"",\""778\"",\""711\"",\""710\"",\""777\"",\""776\"",\""775\"",\""774\"",\""773\"",\""772\"",\""771\"",\""709\""],[1,1,1,1,1,1,1,1,1,1,1,1,1,1,2,1,2,3,1,2,1,1,3,2,1]]"",""path"":""/""}]"
"2025-10-03T11:43:39.659Z","info","new request in wallet for deposit _FIRST-FORM_ data data: {""amount"":200000000,""mobile"":""09199064593"",""cust_name"":""قدرت عابد"",""order_id"":""7a034cb3-c7b4-41d4-8eee-a57c6677e3ba""} user: [{""name"":""access_token"",""value"":""eyJhbGciOiJSUzI1NiIsInR5cCI6IkpXVCJ9.eyJpc3MiOiJodHRwczovL3Nzby5tYXN0ZXIubG9jYWwiLCJzdWIiOiIxMjMiLCJhdWQiOiJtYXN0ZXIiLCJpYXQiOjE3NTk0OTE3ODgsIm5iZiI6MTc1OTQ5MTc4MywiZXhwIjoxNzU5NTAyNTg4LCJqdGkiOiI1MTRjNjllZC1mMjI4LTQ1YTQtYmMzOS05MTJhYjQ5MmM1NTciLCJ0eXBlIjoiYWNjZXNzIiwidXNlcm5hbWUiOiIwOTEyNTU5MjU2NyIsImVtYWlsIjoiTiIsIm1vYmlsZSI6IjA5MTI1NTkyNTY3Iiwicm9sZXMiOiJBU1NJU1RBTlQiLCJhcHBfaWQiOiJtYXN0ZXIiLCJpcCI6IjIuMTQ3LjE0LjEzNiIsImRldmljZV9pZCI6bnVsbCwidGVuYW50IjpudWxsLCJ0aW1lem9uZSI6IkFzaWEvVGVocmFuIn0.ObAkzacWSXk04IJmtFCsNrOP4xrOowehbyjR3yAC4E_fhDoMn5WU3q57pnEDnp-Z3BAbyEx-K1Cuc3DPwI4vapVUmOaRBiGK3XUu35_QSVf2UIxE0142FhIlB_MyzHhIm5GeWmlFJJysiQbbJqnTOZxDz12hVUavxY93zzclfjJ2XiKIERrrmFGyqVcEYblbHH47H3mQzlgigIOKKMoTBmI8znVtGvySBvctDfk2xXl5ZxhT-1QsVk4HJMkyUg3VP-n7qb8yfG_3H9ZersG-A4XxNQRmsaHIdDGJYtHXDlLULaw5ulkA47EQWDzYAx9IhFDtW7Q7gN5o1amUPIm-qCWn8nP1g0DIWJQ8IoBPQxvJ7VXgcy9OstIqJv8zJ0PAhgtvdfA8McfSnzySs1eMox3OrvF5px0wUrcho0Tyf9VUSR1MbBe--tq9nKXFoIYYGTK3dOTvDO4K3gLUpQcmlHmIU98CamryPfR8ewV5FbVPQ1NbLxDiF1Xs_q-OziFSmW0YL8gtRVpdTLOPFaf2V39UVZMShrxZyf3bdUOexfJqrVBMwA63LRmHX9K85JkZ7Q8jrz6bNTQm4V-FytGsXm6_EOR1t9txdCUTM9ziX9_uX3CgIsEiTgwyUPLwxGSrm9Pnrutn2mlVjGm9qlVznqU0iBfqrJmAQWwNNQ_6GeI"",""path"":""/""},{""name"":""mobile"",""value"":""09351836969"",""path"":""/""},{""name"":""lastlogin_date"",""value"":""1404-07-11"",""path"":""/""},{""name"":""lastlogin_time"",""value"":""13:38:23"",""path"":""/""},{""name"":""role"",""value"":""157"",""path"":""/""},{""name"":""user_status"",""value"":""ACTIVE"",""path"":""/""},{""name"":""role_type"",""value"":""1"",""path"":""/""},{""name"":""role_count"",""value"":""2"",""path"":""/""},{""name"":""uzrprm"",""value"":""[[\""115\"",\""115\"",\""115\"",\""115\"",\""114\"",\""114\"",\""114\"",\""109\"",\""104\"",\""113\"",\""115\"",\""114\"",\""113\"",\""112\"",\""108\"",\""110\"",\""66\""],[\""718\"",\""715\"",\""713\"",\""712\"",\""723\"",\""721\"",\""719\"",\""776\"",\""771\"",\""709\"",\""782\"",\""781\"",\""780\"",\""779\"",\""775\"",\""777\"",\""708\""],[1,1,1,1,1,1,1,1,2,1,1,1,1,1,2,3,null]]"",""path"":""/""}]"
"2025-10-03T11:49:57.016Z","info","new request in wallet for deposit _FIRST-FORM_ data data: {""amount"":160000000,""mobile"":""09353034313"",""cust_name"":""علیرضا عربی مفرد"",""order_id"":""a053c759-b7cd-494e-938d-822da6dc60a4""} user: [{""name"":""access_token"",""value"":""eyJhbGciOiJSUzI1NiIsInR5cCI6IkpXVCJ9.eyJpc3MiOiJodHRwczovL3Nzby5tYXN0ZXIubG9jYWwiLCJzdWIiOiIxMjMiLCJhdWQiOiJtYXN0ZXIiLCJpYXQiOjE3NTk0OTIyMDUsIm5iZiI6MTc1OTQ5MjIwMCwiZXhwIjoxNzU5NTAzMDA1LCJqdGkiOiJjYTA2ZTQ5Mi0zN2NmLTQ2NjQtYTE2ZS1mZTk2OGMwYzg1ZDQiLCJ0eXBlIjoiYWNjZXNzIiwidXNlcm5hbWUiOiIwOTM1MTgzNjk2OSIsImVtYWlsIjoiTiIsIm1vYmlsZSI6IjA5MzUxODM2OTY5Iiwicm9sZXMiOiJNQU5BR0VSIiwiYXBwX2lkIjoibWFzdGVyIiwiaXAiOiIyLjE0Ny4xNC4xMzYiLCJkZXZpY2VfaWQiOm51bGwsInRlbmFudCI6bnVsbCwidGltZXpvbmUiOiJBc2lhL1RlaHJhbiJ9.BPmj_3SufL9iNOJyC8sJniKN7vGhElKeIMl-6rmdAeAxkNua-TIivzRZaL0337fG-fNB32giFUe2pOOjfW7FcdaGFi3V90NlkNg_GxBtw3Y7iagWXAoPToBIkSPRrt7hUKtExZGmRBK0K3PsVuo3dO6ue9cs8gYzIdHgFLiYkDESM0EvIsYYfxxvUaBKRIznM990QxUasQqkTcFpNtY3TJcDkUmhDUyg32wDYQOjafqePNu-o57MBc1cM5nM1R4C20khJhsb55cvAPH5K_tJInKbMU1A_OSK3lfdT4PME_3J13ChPxMr_OkfBkNWoyfjTwIeB4hY_qgN3HIIEHKUc6jeVVLxWO8B2dt3IzTru1JIK-E9JjSHwofeHtQXSPh1_ImyPWHrnKsYUrUSgGwOtQYaPF2gLdNPuTKqjdXd3sbCkR-rrdaVFc8jXZCa-X6_0QXHYYwdnxHaLD8ol7cxJ1fniJiuEZrW2GygnAylrfnXmYPCVEx4CmDeViiiwPQO4GtM9m2LfIxiqAkv4ayeUZi-V-Qi2sOFsuKy17E_bBFp1V9zHcOHKnotk5jWQOExYPAaprMw8b0AMukrjSsQAlTzcWppxME0pPNmUpFxk7K9A_y5A3PYFoER0ltWg4k9g-u1PtLwkuZsCrwg-Cyz6D32FVDgKuXK4S1lo5j7L2o"",""path"":""/""},{""name"":""mobile"",""value"":""09351836969"",""path"":""/""},{""name"":""lastlogin_date"",""value"":""1404-07-11"",""path"":""/""},{""name"":""lastlogin_time"",""value"":""15:13:08"",""path"":""/""},{""name"":""user_status"",""value"":""ACTIVE"",""path"":""/""},{""name"":""role_count"",""value"":""2"",""path"":""/""},{""name"":""role"",""value"":""157"",""path"":""/""},{""name"":""role_type"",""value"":""1"",""path"":""/""},{""name"":""uzrprm"",""value"":""[[\""115\"",\""115\"",\""115\"",\""115\"",\""114\"",\""114\"",\""114\"",\""109\"",\""104\"",\""113\"",\""115\"",\""114\"",\""113\"",\""112\"",\""108\"",\""110\"",\""66\""],[\""718\"",\""715\"",\""713\"",\""712\"",\""723\"",\""721\"",\""719\"",\""776\"",\""771\"",\""709\"",\""782\"",\""781\"",\""780\"",\""779\"",\""775\"",\""777\"",\""708\""],[1,1,1,1,1,1,1,1,2,1,1,1,1,1,2,3,null]]"",""path"":""/""}]"
"2025-10-03T12:33:41.602Z","info","new request in wallet for deposit _FIRST-FORM_ data data: {""amount"":125000000,""mobile"":""09126885321"",""cust_name"":""قزی نیک نژاد"",""order_id"":""8482db76-5d94-41d2-8ec8-15e1e7077320""} user: [{""name"":""role"",""value"":""157"",""path"":""/""},{""name"":""user_status"",""value"":""ACTIVE"",""path"":""/""},{""name"":""role_type"",""value"":""1"",""path"":""/""},{""name"":""role_count"",""value"":""2"",""path"":""/""},{""name"":""access_token"",""value"":""eyJhbGciOiJSUzI1NiIsInR5cCI6IkpXVCJ9.eyJpc3MiOiJodHRwczovL3Nzby5tYXN0ZXIubG9jYWwiLCJzdWIiOiIxMjMiLCJhdWQiOiJtYXN0ZXIiLCJpYXQiOjE3NTk0OTQ3OTAsIm5iZiI6MTc1OTQ5NDc4NSwiZXhwIjoxNzU5NTA1NTkwLCJqdGkiOiI2NjA1MTMyMC1kOTdkLTRlMzctYWUwZi1kOTZjNzljNzE0NTciLCJ0eXBlIjoiYWNjZXNzIiwidXNlcm5hbWUiOiIwOTEyNTU5MjU2NyIsImVtYWlsIjoiTiIsIm1vYmlsZSI6IjA5MTI1NTkyNTY3Iiwicm9sZXMiOiJBU1NJU1RBTlQiLCJhcHBfaWQiOiJtYXN0ZXIiLCJpcCI6IjJhMDE6NWVjMDoyMDA0OmRhNzc6YjRiNDozMGVlOmM2NjM6MjFhZSIsImRldmljZV9pZCI6bnVsbCwidGVuYW50IjpudWxsLCJ0aW1lem9uZSI6IkFzaWEvVGVocmFuIn0.KuPJgpvnqhTO52fblNgini1R_OgBFKblt5_LrWrvG9-4WHWwVwYV2OHCY_5wVZuvDr_vwpklWVCOx_-uJooEdYkbNcYgpzqJGIiC4A64SU9XPQnzqwE0afVFm973pFHX7DYnHFQfpBjialN0i7kJvn_fAiJ5H-GKlawB6XPMzsmIaDBmUg3W0viKmdPmk0Pn5axzPDNN7OWaJdJAjIa9cedjEG3Z21wuTuoCrZszGmSYvXMnSjs-ZQWC007v3xMEVqmHDIkIR9xGpvLFHcd_iUVYfJmmfxn2VIZgi_p1MMesXBn732UQlu51RylJLZk6pLwoFxWJv98HSFsDMhYjneKpn9-ADZF9GQziGAFn55eFD4DdnfQv45IkLuHShAG2w9_O7z7l4J_o2EBk7kaU5okD_tlrCfwpo1ZdH_lKvJM-X8-xw30euVsKzBxOGn3f82rAe3OY_AZ98DVUBgAOWAraonsJK_NHw-_xVZNBbsJRRH7FRkUfvO1ui1hGbkrV67eeXTCiLFUZH1L2g8QSGxJyAkUiE_ylX6lP6Ht9jhQR0Mu5XMup2KpnrY3X9KnT8UB-w8Y7Fv4tnQbg0pshe5k2KEyffJM2J4czDJkWfjbJtBpefhIcOBATj9uzTTOq9_x71PFx5RnNGu0kj9l5luFpOmi_ejuQ3cwSTdyMUW0"",""path"":""/""},{""name"":""mobile"",""value"":""09351836969"",""path"":""/""},{""name"":""lastlogin_date"",""value"":""1404-07-11"",""path"":""/""},{""name"":""lastlogin_time"",""value"":""16:02:17"",""path"":""/""},{""name"":""uzrprm"",""value"":""[[\""115\"",\""115\"",\""115\"",\""115\"",\""114\"",\""114\"",\""114\"",\""109\"",\""104\"",\""113\"",\""115\"",\""114\"",\""113\"",\""112\"",\""108\"",\""110\"",\""66\""],[\""718\"",\""715\"",\""713\"",\""712\"",\""723\"",\""721\"",\""719\"",\""776\"",\""771\"",\""709\"",\""782\"",\""781\"",\""780\"",\""779\"",\""775\"",\""777\"",\""708\""],[1,1,1,1,1,1,1,1,2,1,1,1,1,1,2,3,null]]"",""path"":""/""}]"
"2025-10-03T12:45:29.891Z","info","new request in wallet for deposit _FIRST-FORM_ data data: {""amount"":125000000,""mobile"":""09194070017"",""cust_name"":""سوان شاقولیان"",""order_id"":""6d5ccd65-587b-4247-85de-1374dc845233""} user: [{""name"":""role"",""value"":""157"",""path"":""/""},{""name"":""user_status"",""value"":""ACTIVE"",""path"":""/""},{""name"":""role_type"",""value"":""1"",""path"":""/""},{""name"":""role_count"",""value"":""2"",""path"":""/""},{""name"":""access_token"",""value"":""eyJhbGciOiJSUzI1NiIsInR5cCI6IkpXVCJ9.eyJpc3MiOiJodHRwczovL3Nzby5tYXN0ZXIubG9jYWwiLCJzdWIiOiIxMjMiLCJhdWQiOiJtYXN0ZXIiLCJpYXQiOjE3NTk0OTQ3OTAsIm5iZiI6MTc1OTQ5NDc4NSwiZXhwIjoxNzU5NTA1NTkwLCJqdGkiOiI2NjA1MTMyMC1kOTdkLTRlMzctYWUwZi1kOTZjNzljNzE0NTciLCJ0eXBlIjoiYWNjZXNzIiwidXNlcm5hbWUiOiIwOTEyNTU5MjU2NyIsImVtYWlsIjoiTiIsIm1vYmlsZSI6IjA5MTI1NTkyNTY3Iiwicm9sZXMiOiJBU1NJU1RBTlQiLCJhcHBfaWQiOiJtYXN0ZXIiLCJpcCI6IjJhMDE6NWVjMDoyMDA0OmRhNzc6YjRiNDozMGVlOmM2NjM6MjFhZSIsImRldmljZV9pZCI6bnVsbCwidGVuYW50IjpudWxsLCJ0aW1lem9uZSI6IkFzaWEvVGVocmFuIn0.KuPJgpvnqhTO52fblNgini1R_OgBFKblt5_LrWrvG9-4WHWwVwYV2OHCY_5wVZuvDr_vwpklWVCOx_-uJooEdYkbNcYgpzqJGIiC4A64SU9XPQnzqwE0afVFm973pFHX7DYnHFQfpBjialN0i7kJvn_fAiJ5H-GKlawB6XPMzsmIaDBmUg3W0viKmdPmk0Pn5axzPDNN7OWaJdJAjIa9cedjEG3Z21wuTuoCrZszGmSYvXMnSjs-ZQWC007v3xMEVqmHDIkIR9xGpvLFHcd_iUVYfJmmfxn2VIZgi_p1MMesXBn732UQlu51RylJLZk6pLwoFxWJv98HSFsDMhYjneKpn9-ADZF9GQziGAFn55eFD4DdnfQv45IkLuHShAG2w9_O7z7l4J_o2EBk7kaU5okD_tlrCfwpo1ZdH_lKvJM-X8-xw30euVsKzBxOGn3f82rAe3OY_AZ98DVUBgAOWAraonsJK_NHw-_xVZNBbsJRRH7FRkUfvO1ui1hGbkrV67eeXTCiLFUZH1L2g8QSGxJyAkUiE_ylX6lP6Ht9jhQR0Mu5XMup2KpnrY3X9KnT8UB-w8Y7Fv4tnQbg0pshe5k2KEyffJM2J4czDJkWfjbJtBpefhIcOBATj9uzTTOq9_x71PFx5RnNGu0kj9l5luFpOmi_ejuQ3cwSTdyMUW0"",""path"":""/""},{""name"":""mobile"",""value"":""09351836969"",""path"":""/""},{""name"":""lastlogin_date"",""value"":""1404-07-11"",""path"":""/""},{""name"":""lastlogin_time"",""value"":""16:02:17"",""path"":""/""},{""name"":""uzrprm"",""value"":""[[\""115\"",\""115\"",\""115\"",\""115\"",\""114\"",\""114\"",\""114\"",\""109\"",\""104\"",\""113\"",\""115\"",\""114\"",\""113\"",\""112\"",\""108\"",\""110\"",\""66\""],[\""718\"",\""715\"",\""713\"",\""712\"",\""723\"",\""721\"",\""719\"",\""776\"",\""771\"",\""709\"",\""782\"",\""781\"",\""780\"",\""779\"",\""775\"",\""777\"",\""708\""],[1,1,1,1,1,1,1,1,2,1,1,1,1,1,2,3,null]]"",""path"":""/""},{""name"":""deposit-amount"",""value"":""125000000"",""path"":""/""},{""name"":""deposit-token"",""value"":""8482db76-5d94-41d2-8ec8-15e1e7077320"",""path"":""/""}]"
"2025-10-03T12:51:11.923Z","info","new request in wallet for deposit _FIRST-FORM_ data data: {""amount"":1500000000,""mobile"":""09132739342"",""cust_name"":""موسوی"",""description"":""تادیه دیون"",""order_id"":""258da06f-db21-43ae-9960-7c8f8285849a""} user: [{""name"":""access_token"",""value"":""eyJhbGciOiJSUzI1NiIsInR5cCI6IkpXVCJ9.eyJpc3MiOiJodHRwczovL3Nzby5tYXN0ZXIubG9jYWwiLCJzdWIiOiIzMTkiLCJhdWQiOiJtYXN0ZXIiLCJpYXQiOjE3NTk0OTU3OTMsIm5iZiI6MTc1OTQ5NTc4OCwiZXhwIjoxNzU5NTA2NTkzLCJqdGkiOiI3MTVhYTM2Yy1jNDI1LTRmNmItOTAwYS1iMDVlN2UwNDMyNGYiLCJ0eXBlIjoiYWNjZXNzIiwidXNlcm5hbWUiOiIwOTAyNDU5MjEwMCIsImVtYWlsIjoiTiIsIm1vYmlsZSI6IjA5MDI0NTkyMTAwIiwicm9sZXMiOiJNQU5BR0VSIiwiYXBwX2lkIjoibWFzdGVyIiwiaXAiOiIyYTAyOjQ1NDA6NTBjZTpkZjM3OjE6MDpmOTA3OjYwYzEiLCJkZXZpY2VfaWQiOm51bGwsInRlbmFudCI6bnVsbCwidGltZXpvbmUiOiJBc2lhL1RlaHJhbiJ9.NJPSfOqKum1QxZrRJhCpkFOVtNqFNVnKSWQdgIao34sgjuS4Ahyo0x0bfkLwQEMoJYQH2Xoj9TsZ5JmF9pJG10pjae1R8uUwYQW3ECh8zFctIS6aZByKSGo_bz111geToVCF-C4CivpR4ipbicNXymxKuBQC1CQi5-MFd2wFIzdDwmi5F4DWCyd0paCxErqsWEx7BtQ2YJA4d_YzySyszKJ8QshQ1HL7yrzdUeI8iLxc5YeIHi9a9wDhaa2-MdAkTyBDsdjx7pN2wRmkkVVJgguZgeg1QslNImUtpvdvQBwzoMF5YW-6Bn_JRJzy35wtEV0Et8IEmZUvhN168CYFqCOZh-zCuOGZtDWQphUbGZlKAaGcPnm6haCqCDL2aCbxGH_Q9Jfjp8otkec5fU_T3alyBJOA5WDQXVyplEpGDTQmtQrIxWCxZYys1NPb5-u8NT71ioGu7Ydi7kNKsu7RCQ3jt9wbHxZH4ivcXP4tyDOAfqEwCe50atKj0rBRco9uI_qtTwAL2TEQK_Kpp3k9l9GQMgimpC8STGx8zMX9BgZGpYwLSk2hgzxgT45sC5RAjZ-vapdDm7ijdU73MCMKm0r_Py281Z2KkjPpjGGz5rCSle4lmKteDh7OgRbevwpC6Ggc-hyjuTw2vzcibJINPeznK5EoM5wNUuyDOtcblQk"",""path"":""/""},{""name"":""mobile"",""value"":""09024592100"",""path"":""/""},{""name"":""lastlogin_date"",""value"":""1404-07-11"",""path"":""/""},{""name"":""lastlogin_time"",""value"":""16:17:16"",""path"":""/""},{""name"":""user_status"",""value"":""ACTIVE"",""path"":""/""},{""name"":""role_count"",""value"":""3"",""path"":""/""},{""name"":""role"",""value"":""394"",""path"":""/""},{""name"":""role_type"",""value"":""1"",""path"":""/""},{""name"":""uzrprm"",""value"":""[[\""115\"",\""115\"",\""115\"",\""115\"",\""114\"",\""114\"",\""114\"",\""109\"",\""104\"",\""113\"",\""115\"",\""114\"",\""113\"",\""112\"",\""108\"",\""110\"",\""66\""],[\""718\"",\""715\"",\""713\"",\""712\"",\""723\"",\""721\"",\""719\"",\""776\"",\""771\"",\""709\"",\""782\"",\""781\"",\""780\"",\""779\"",\""775\"",\""777\"",\""708\""],[1,1,1,1,1,1,1,1,2,1,1,1,1,1,2,3,null]]"",""path"":""/""}]"
"2025-10-03T12:53:35.354Z","info","new request in wallet for deposit _FIRST-FORM_ data data: {""amount"":250000000,""mobile"":""09368901354"",""cust_name"":""امیرحسین عسگری"",""description"":""تادیه دیون"",""order_id"":""dedf8fd4-e9f7-4494-a069-fa12b747e151""} user: [{""name"":""access_token"",""value"":""eyJhbGciOiJSUzI1NiIsInR5cCI6IkpXVCJ9.eyJpc3MiOiJodHRwczovL3Nzby5tYXN0ZXIubG9jYWwiLCJzdWIiOiIzMTkiLCJhdWQiOiJtYXN0ZXIiLCJpYXQiOjE3NTk0OTU3OTMsIm5iZiI6MTc1OTQ5NTc4OCwiZXhwIjoxNzU5NTA2NTkzLCJqdGkiOiI3MTVhYTM2Yy1jNDI1LTRmNmItOTAwYS1iMDVlN2UwNDMyNGYiLCJ0eXBlIjoiYWNjZXNzIiwidXNlcm5hbWUiOiIwOTAyNDU5MjEwMCIsImVtYWlsIjoiTiIsIm1vYmlsZSI6IjA5MDI0NTkyMTAwIiwicm9sZXMiOiJNQU5BR0VSIiwiYXBwX2lkIjoibWFzdGVyIiwiaXAiOiIyYTAyOjQ1NDA6NTBjZTpkZjM3OjE6MDpmOTA3OjYwYzEiLCJkZXZpY2VfaWQiOm51bGwsInRlbmFudCI6bnVsbCwidGltZXpvbmUiOiJBc2lhL1RlaHJhbiJ9.NJPSfOqKum1QxZrRJhCpkFOVtNqFNVnKSWQdgIao34sgjuS4Ahyo0x0bfkLwQEMoJYQH2Xoj9TsZ5JmF9pJG10pjae1R8uUwYQW3ECh8zFctIS6aZByKSGo_bz111geToVCF-C4CivpR4ipbicNXymxKuBQC1CQi5-MFd2wFIzdDwmi5F4DWCyd0paCxErqsWEx7BtQ2YJA4d_YzySyszKJ8QshQ1HL7yrzdUeI8iLxc5YeIHi9a9wDhaa2-MdAkTyBDsdjx7pN2wRmkkVVJgguZgeg1QslNImUtpvdvQBwzoMF5YW-6Bn_JRJzy35wtEV0Et8IEmZUvhN168CYFqCOZh-zCuOGZtDWQphUbGZlKAaGcPnm6haCqCDL2aCbxGH_Q9Jfjp8otkec5fU_T3alyBJOA5WDQXVyplEpGDTQmtQrIxWCxZYys1NPb5-u8NT71ioGu7Ydi7kNKsu7RCQ3jt9wbHxZH4ivcXP4tyDOAfqEwCe50atKj0rBRco9uI_qtTwAL2TEQK_Kpp3k9l9GQMgimpC8STGx8zMX9BgZGpYwLSk2hgzxgT45sC5RAjZ-vapdDm7ijdU73MCMKm0r_Py281Z2KkjPpjGGz5rCSle4lmKteDh7OgRbevwpC6Ggc-hyjuTw2vzcibJINPeznK5EoM5wNUuyDOtcblQk"",""path"":""/""},{""name"":""mobile"",""value"":""09024592100"",""path"":""/""},{""name"":""lastlogin_date"",""value"":""1404-07-11"",""path"":""/""},{""name"":""lastlogin_time"",""value"":""16:17:16"",""path"":""/""},{""name"":""user_status"",""value"":""ACTIVE"",""path"":""/""},{""name"":""role_count"",""value"":""3"",""path"":""/""},{""name"":""role"",""value"":""394"",""path"":""/""},{""name"":""role_type"",""value"":""1"",""path"":""/""},{""name"":""uzrprm"",""value"":""[[\""115\"",\""115\"",\""115\"",\""115\"",\""114\"",\""114\"",\""114\"",\""109\"",\""104\"",\""113\"",\""115\"",\""114\"",\""113\"",\""112\"",\""108\"",\""110\"",\""66\""],[\""718\"",\""715\"",\""713\"",\""712\"",\""723\"",\""721\"",\""719\"",\""776\"",\""771\"",\""709\"",\""782\"",\""781\"",\""780\"",\""779\"",\""775\"",\""777\"",\""708\""],[1,1,1,1,1,1,1,1,2,1,1,1,1,1,2,3,null]]"",""path"":""/""},{""name"":""deposit-amount"",""value"":""1500000000"",""path"":""/""},{""name"":""deposit-token"",""value"":""258da06f-db21-43ae-9960-7c8f8285849a"",""path"":""/""}]"
"2025-10-03T13:06:04.573Z","info","new request in wallet for deposit _FIRST-FORM_ data data: {""amount"":350000000,""mobile"":""09175834265"",""cust_name"":""کفایت بازیاز "",""description"":""جراحی "",""order_id"":""0638134b-1c33-4243-af26-82a4eb005ad9""} user: [{""name"":""uzrprm"",""value"":""[[\""115\"",\""115\"",\""115\"",\""115\"",\""114\"",\""114\"",\""114\"",\""109\"",\""104\"",\""113\"",\""115\"",\""114\"",\""113\"",\""112\"",\""108\"",\""110\"",\""66\""],[\""718\"",\""715\"",\""713\"",\""712\"",\""723\"",\""721\"",\""719\"",\""776\"",\""771\"",\""709\"",\""782\"",\""781\"",\""780\"",\""779\"",\""775\"",\""777\"",\""708\""],[1,1,1,1,1,1,1,1,2,1,1,1,1,1,2,3,null]]"",""path"":""/""},{""name"":""access_token"",""value"":""eyJhbGciOiJSUzI1NiIsInR5cCI6IkpXVCJ9.eyJpc3MiOiJodHRwczovL3Nzby5tYXN0ZXIubG9jYWwiLCJzdWIiOiIxMDMiLCJhdWQiOiJtYXN0ZXIiLCJpYXQiOjE3NTk0OTY3MDcsIm5iZiI6MTc1OTQ5NjcwMiwiZXhwIjoxNzU5NTA3NTA3LCJqdGkiOiJlNDk0NGIxNC0zNzNkLTRkZWEtYjAxYS01ZmFmNzY4NDIwZGQiLCJ0eXBlIjoiYWNjZXNzIiwidXNlcm5hbWUiOiIwOTEyMzM1Mjg4MSIsImVtYWlsIjoiTiIsIm1vYmlsZSI6IjA5MTIzMzUyODgxIiwicm9sZXMiOiJBU1NJU1RBTlQiLCJhcHBfaWQiOiJtYXN0ZXIiLCJpcCI6Ijg5LjE5OS4xNS4yNDIiLCJkZXZpY2VfaWQiOm51bGwsInRlbmFudCI6bnVsbCwidGltZXpvbmUiOiJBc2lhL1RlaHJhbiJ9.dWlcqeATZjC_DEtitzdpTBF9Bk0kTtDm4Hd28u4JyxTFxFYIyfBdYU6wymXgZeZUfFbRVQ46RKnkA_0i6TCDNytDeRq1Hz6bB9HaLJDuDqWcJyVhPsLJFzapCiZslzgL8vvx0b-ePLTAlmr-t4pOgzhgzAYgFQMROKTOeYg_aH9wvL4L1WRAG8lb8nGb38Br0thm-vgsl3P3u1lM9tCLc5qKEnAtf50QqhSL3WTsyBsqq86PJq7i1bDen-hx6TanpPilOcOiZnv_F80_TNlK3DTN59lavLRSYeqmyqfVCZ6E1ZUdafGi7Wrsjes4ThpJU3C7gVdyF1pmrVRMoXk42LM7toR9hxan_C7Ucvy5Sq18Ef3nb4wmBgLBpQh-f0oq5CwrzR2YoRnvtY4y3pDWXOIIm133zICCzEKf5-FmBoNX7wxFtrPnSPPYVEwenC5-Tjrv8UpWvDBBIodhzOFoaGh30JT3Y1sQ3WmPs12HUb13NVrySl92spq5BexN1IcN1TMerMsP0CNgxh6AyLZQ3fA1eK_ng0ihLYmnBvT9XoATLfO3OZQZ-AuEranm1X5Cdcp1a7CHsCv6ewF_jA9waetzn0IPE6omnZo4LlNsLauLBMQBYcE41y3t4kEDKA38L9OJNyXx_c3QC2MKCe0KXvRFGwdeFA8Ohi4A06zBti0"",""path"":""/""},{""name"":""lastlogin_date"",""value"":""1404-07-10"",""path"":""/""},{""name"":""lastlogin_time"",""value"":""11:30:53"",""path"":""/""},{""name"":""mobile"",""value"":""09124837488"",""path"":""/""},{""name"":""role"",""value"":""137"",""path"":""/""},{""name"":""role_count"",""value"":""2"",""path"":""/""},{""name"":""role_type"",""value"":""1"",""path"":""/""},{""name"":""user_status"",""value"":""ACTIVE"",""path"":""/""}]"
"2025-10-03T14:03:21.567Z","info","new request in wallet for deposit _FIRST-FORM_ data data: {""amount"":650000000,""mobile"":""09120159143"",""cust_name"":""خانم موسی زاده"",""description"":""پکیج دکتر زارع پور"",""order_id"":""f3501cc5-e99e-49e4-9f4b-34a6da3458de""} user: [{""name"":""access_token"",""value"":""eyJhbGciOiJSUzI1NiIsInR5cCI6IkpXVCJ9.eyJpc3MiOiJodHRwczovL3Nzby5tYXN0ZXIubG9jYWwiLCJzdWIiOiIzOTUiLCJhdWQiOiJtYXN0ZXIiLCJpYXQiOjE3NTk1MDAwNTYsIm5iZiI6MTc1OTUwMDA1MSwiZXhwIjoxNzU5NTEwODU2LCJqdGkiOiJjZjJmZmVjMC00MTYxLTRkNmUtOTEwNS1hNDA0ZGY0OGFmODMiLCJ0eXBlIjoiYWNjZXNzIiwidXNlcm5hbWUiOiIwOTEzNjM4MTAwNSIsImVtYWlsIjoiTiIsIm1vYmlsZSI6IjA5MTM2MzgxMDA1Iiwicm9sZXMiOiJNQU5BR0VSIiwiYXBwX2lkIjoibWFzdGVyIiwiaXAiOiI0Ni4xNDMuOTUuMjM2IiwiZGV2aWNlX2lkIjpudWxsLCJ0ZW5hbnQiOm51bGwsInRpbWV6b25lIjoiQXNpYS9UZWhyYW4ifQ.Lq03VhMEXUXPN-Kf7FOq3XTUyvH_mIBUwte5N_9rl7nlaumRHgmwHR7Z7NbWAWlIUCsfNRovm_Q5iklLEUDIqVNqA7oJ27dUll__xz8kKrZkFow0jYbSq4fiAj9TCUJSaXUY2qRoa_6VarBeREW6qWh_7K6EB8tg4a2uJq31e8k7YwjetZL9LGPyd707Wk-XroAMrF1bSSKEdtpVPfRRauscYG9UvpElVwsLak9gIQTM77LrQruSTQ4zekt87l8jSESCF13uyF2-J4X5TdXB3UDgBaioKT7Uf1csF2A-8OkUBpfrS2uh6Vj15WRGUAmoo55074EohHMpguVA6IBWaHVc6qKe30XXKpIHRJbMnWwm0oYznmCGNwdWguHUGq8_9iWdtmRR_IG129bWhhAoRlsCGuJcRzpwXUxuc1tD8KfL-8IsRyD0uijE-ikt59RIVpG7ejlguhkNR3BIS9bjCHlecHTHm7VGJMfWkm01foNTDtBSN23qPBP34dRdjUQ_SpO4rU-a1AuRhYKKaPBsAFsSvyYCWdOuy_8vuG6QAPeFCPc6AlrArXZYmoXPWAaNN7pgpY9zGau19VKT0aCO-ZKNczf89bqjmB2bU9eeWNLjxj1vstu__zGgQ6I7sA3RJCOorc_w8RdlRtS67vzDnG55qIcOKbGts6erLjTyT24"",""path"":""/""},{""name"":""mobile"",""value"":""09136381005"",""path"":""/""},{""name"":""lastlogin_date"",""value"":""1404-07-11"",""path"":""/""},{""name"":""lastlogin_time"",""value"":""13:18:32"",""path"":""/""},{""name"":""role"",""value"":""478"",""path"":""/""},{""name"":""user_status"",""value"":""ACTIVE"",""path"":""/""},{""name"":""role_type"",""value"":""1"",""path"":""/""},{""name"":""role_count"",""value"":""1"",""path"":""/""},{""name"":""uzrprm"",""value"":""[[\""115\"",\""115\"",\""115\"",\""115\"",\""115\"",\""115\"",\""115\"",\""114\"",\""114\"",\""114\"",\""114\"",\""114\"",\""113\"",\""112\"",\""111\"",\""111\"",\""111\"",\""110\"",\""109\"",\""108\"",\""107\"",\""106\"",\""105\"",\""104\"",\""113\""],[\""782\"",\""717\"",\""716\"",\""715\"",\""714\"",\""713\"",\""712\"",\""781\"",\""723\"",\""722\"",\""721\"",\""720\"",\""780\"",\""779\"",\""778\"",\""711\"",\""710\"",\""777\"",\""776\"",\""775\"",\""774\"",\""773\"",\""772\"",\""771\"",\""709\""],[1,1,1,1,1,1,1,1,1,1,1,1,1,1,2,1,2,3,1,2,1,1,3,2,1]]"",""path"":""/""}]"
"2025-10-03T14:18:03.424Z","info","new request in wallet for deposit _FIRST-FORM_ data data: {""amount"":500000000,""mobile"":""09122733256"",""cust_name"":""آقای سنندجی "",""description"":""تادیه دیون"",""order_id"":""913d946a-db96-4ad3-9f7d-fbe49b0527b9""} user: [{""name"":""mobile"",""value"":""09024592100"",""path"":""/""},{""name"":""lastlogin_date"",""value"":""1404-07-11"",""path"":""/""},{""name"":""user_status"",""value"":""ACTIVE"",""path"":""/""},{""name"":""role_count"",""value"":""3"",""path"":""/""},{""name"":""role"",""value"":""394"",""path"":""/""},{""name"":""role_type"",""value"":""1"",""path"":""/""},{""name"":""deposit-amount"",""value"":""250000000"",""path"":""/""},{""name"":""deposit-token"",""value"":""dedf8fd4-e9f7-4494-a069-fa12b747e151"",""path"":""/""},{""name"":""lastlogin_time"",""value"":""16:19:53"",""path"":""/""},{""name"":""access_token"",""value"":""eyJhbGciOiJSUzI1NiIsInR5cCI6IkpXVCJ9.eyJpc3MiOiJodHRwczovL3Nzby5tYXN0ZXIubG9jYWwiLCJzdWIiOiIzMTkiLCJhdWQiOiJtYXN0ZXIiLCJpYXQiOjE3NTk1MDA5OTcsIm5iZiI6MTc1OTUwMDk5MiwiZXhwIjoxNzU5NTExNzk3LCJqdGkiOiIxZDkxMjYzNy02ZDNkLTQ5MTAtOWM5MS0yZTUwNzVhZTg2YzYiLCJ0eXBlIjoiYWNjZXNzIiwidXNlcm5hbWUiOiIwOTEwNTY3OTM3NiIsImVtYWlsIjoiTiIsIm1vYmlsZSI6IjA5MTA1Njc5Mzc2Iiwicm9sZXMiOiJBU1NJU1RBTlQiLCJhcHBfaWQiOiJtYXN0ZXIiLCJpcCI6IjJhMDI6NDU0MDo1MGNlOmRmMzc6MTowOmY5MDc6NjBjMSIsImRldmljZV9pZCI6bnVsbCwidGVuYW50IjpudWxsLCJ0aW1lem9uZSI6IkFzaWEvVGVocmFuIn0.j2m1SzzmwMnKHSHgANYbX4SOQYGl2bikYSadmT6-Xnmzy0_5OyiZ2vdghqP6cyfyYDe-yG2uOH6-LatGX9jJrlTWserygBpdtuSEHnI_HyiAuroe9dOUpbfA8VPdSYNopiNnkLcCR9B-Hrwxr0-eiIXUP3-vugRXFRoZt7dxM3xJ47V432qstde1yssL_taG_9MvDtfn8cgHp4JoQEjyooueUOiAI1lf-FSLHVOKGf5EQTkRjMU9LKEhsy91kb2_uzvCxAx94BK783y0bExdA3Pu2FPPPjrKLt_DfxSIVaEX50lSfz8bC8OhXd5ceHgjVqI2si50s0_Dh-Hbwny79NZ6t-aW1qiwzVVOQO-K5e1GEDIZ-VGPPcFUx1ZkUXa67SmBejIRnztx73RccjmIc1fG321TWnA1s-p-Ux4Lj9AZYq-TaCbzClexVo89usnQ7sDLsTBql276ApsoKzfDxACAw5VKYhnvbZZmUwF2b6Ca4mh5eEExanw-ZQHWDFP4rzK2f0VcWdtf8ZdSTqtTFUOf23laCVIa6EKfV8-B_Jfq6CaMajTl1_5_1O1eEPq_2WmLztPlhXr2Fn4KiGUJhRBc4jfc_vFGQlMtyAVFsXLT_thgMTNMlF6kxzZS8osBmm8ME6SVDQ0s7N34zFtU89BDOMvS1-EljgGNoFaIjdU"",""path"":""/""},{""name"":""uzrprm"",""value"":""[[\""115\"",\""115\"",\""115\"",\""115\"",\""114\"",\""114\"",\""114\"",\""109\"",\""104\"",\""113\"",\""115\"",\""114\"",\""113\"",\""112\"",\""108\"",\""110\"",\""66\""],[\""718\"",\""715\"",\""713\"",\""712\"",\""723\"",\""721\"",\""719\"",\""776\"",\""771\"",\""709\"",\""782\"",\""781\"",\""780\"",\""779\"",\""775\"",\""777\"",\""708\""],[1,1,1,1,1,1,1,1,2,1,1,1,1,1,2,3,null]]"",""path"":""/""}]"
"2025-10-03T14:50:15.533Z","info","new request in wallet for deposit _FIRST-FORM_ data data: {""amount"":500000000,""mobile"":""09171795462"",""cust_name"":""امیر علی صداقت"",""order_id"":""3f3e51a5-2ac6-49e6-948d-62d86698d4b6""} user: [{""name"":""uzrprm"",""value"":""[[\""115\"",\""115\"",\""115\"",\""115\"",\""114\"",\""114\"",\""114\"",\""109\"",\""104\"",\""113\"",\""115\"",\""114\"",\""113\"",\""112\"",\""108\"",\""110\"",\""66\""],[\""718\"",\""715\"",\""713\"",\""712\"",\""723\"",\""721\"",\""719\"",\""776\"",\""771\"",\""709\"",\""782\"",\""781\"",\""780\"",\""779\"",\""775\"",\""777\"",\""708\""],[1,1,1,1,1,1,1,1,2,1,1,1,1,1,2,3,null]]"",""path"":""/""},{""name"":""access_token"",""value"":""eyJhbGciOiJSUzI1NiIsInR5cCI6IkpXVCJ9.eyJpc3MiOiJodHRwczovL3Nzby5tYXN0ZXIubG9jYWwiLCJzdWIiOiIyODQiLCJhdWQiOiJtYXN0ZXIiLCJpYXQiOjE3NTk1MDI5NDYsIm5iZiI6MTc1OTUwMjk0MSwiZXhwIjoxNzU5NTEzNzQ2LCJqdGkiOiJkYTZkODk0Zi1mZmEyLTQ2MzItYmEwYS05NmIwZGZjY2E3MDkiLCJ0eXBlIjoiYWNjZXNzIiwidXNlcm5hbWUiOiIwOTEwMTAxNzkxMyIsImVtYWlsIjoiTiIsIm1vYmlsZSI6IjA5MTAxMDE3OTEzIiwicm9sZXMiOiJBU1NJU1RBTlQiLCJhcHBfaWQiOiJtYXN0ZXIiLCJpcCI6Ijg5LjE5OC4yMzcuODgiLCJkZXZpY2VfaWQiOm51bGwsInRlbmFudCI6bnVsbCwidGltZXpvbmUiOiJBc2lhL1RlaHJhbiJ9.fBmYitKr62g4AFADXf5MHaG90uR-Vin50dzFEUpieQu7m7zmAGixgUeqnT0CmB847epQOKaUpx00paaRApdbqzW_koyJoN2YKy1CT7CMuDGen_CLxY9DAL0E6E70Q7jMV8WEYoLrLjFa6yiQNqqSKRldhz_zoaiKSaPse8md3BgZ_hWEqr9R-If4S2ZG80Bahp4wpIGgqbpo2wRkHmtLxyJKEObnNzuQraZuhP6f4u4c-v-qwHTV9LBvmwZhGzKIMZKiw0tJSrn_Gxjw9HANHS1-EGWZLsMkQwFw_IhIAIBogrmGqOAOqHMzGYr9jH6AKl4T2vb4PDmTYccMyuzNwjgdwl_QxE8aj-alSMdi4HPWkXbe94M__GcR-0dCGA0koQ8uShkLLEuaEOFCYueTw67FRcSTCnwHCK6S0NbtvpZ4ZTMavwxv5hNVkxHEt_QZb7AKCgMvBdl4QDMcl0_Xge0XCaUUYkP2cPUhDegotfO9HmFYAIiLK6rN9pAqH6TIeqhha8RR1T3h7Xa_lj32DmnDuPIO8YLlGwtKPPRh5I6U-vVYkdr_jPOCIHot32H9usK2xSA8BKLfap-VLDIo5nEL2wJj8tH0aTl4rrHRY3QPAcXtMtWIWmqNEyD8K4PSuNaOVEbv35mLHc7I_y8G_byCkt-bHCWF4ikioSkjBOc"",""path"":""/""},{""name"":""lastlogin_date"",""value"":""1404-07-11"",""path"":""/""},{""name"":""lastlogin_time"",""value"":""16:05:11"",""path"":""/""},{""name"":""mobile"",""value"":""09122192213"",""path"":""/""},{""name"":""role"",""value"":""354"",""path"":""/""},{""name"":""role_count"",""value"":""3"",""path"":""/""},{""name"":""role_type"",""value"":""1"",""path"":""/""},{""name"":""user_status"",""value"":""ACTIVE"",""path"":""/""}]"
"2025-10-03T15:34:16.637Z","info","new request in wallet for deposit _FIRST-FORM_ data data: {""amount"":160000000,""mobile"":""09184892869"",""cust_name"":""فاطمه قالهری"",""order_id"":""4d705a97-7a18-4624-859e-0b7020f87dde""} user: [{""name"":""mobile"",""value"":""09351836969"",""path"":""/""},{""name"":""lastlogin_date"",""value"":""1404-07-11"",""path"":""/""},{""name"":""user_status"",""value"":""ACTIVE"",""path"":""/""},{""name"":""role_count"",""value"":""2"",""path"":""/""},{""name"":""role"",""value"":""157"",""path"":""/""},{""name"":""role_type"",""value"":""1"",""path"":""/""},{""name"":""deposit-amount"",""value"":""160000000"",""path"":""/""},{""name"":""deposit-token"",""value"":""a053c759-b7cd-494e-938d-822da6dc60a4"",""path"":""/""},{""name"":""lastlogin_time"",""value"":""16:03:10"",""path"":""/""},{""name"":""access_token"",""value"":""eyJhbGciOiJSUzI1NiIsInR5cCI6IkpXVCJ9.eyJpc3MiOiJodHRwczovL3Nzby5tYXN0ZXIubG9jYWwiLCJzdWIiOiIxMjMiLCJhdWQiOiJtYXN0ZXIiLCJpYXQiOjE3NTk1MDQ1OTQsIm5iZiI6MTc1OTUwNDU4OSwiZXhwIjoxNzU5NTE1Mzk0LCJqdGkiOiJiOGI0ODE4Yi1hNzBhLTQ1MDItOGI5My05YjkzZTMxZmZlYTMiLCJ0eXBlIjoiYWNjZXNzIiwidXNlcm5hbWUiOiIwOTEyNTU5MjU2NyIsImVtYWlsIjoiTiIsIm1vYmlsZSI6IjA5MTI1NTkyNTY3Iiwicm9sZXMiOiJBU1NJU1RBTlQiLCJhcHBfaWQiOiJtYXN0ZXIiLCJpcCI6IjIuMTQ3LjE0LjEzNiIsImRldmljZV9pZCI6bnVsbCwidGVuYW50IjpudWxsLCJ0aW1lem9uZSI6IkFzaWEvVGVocmFuIn0.aUfgP5rF3wwcudtJNkQEZNiHkWSS6pAc1INaSBYNsz-PuBc-KKDBKl-lGS9vgH_D-DZwWLNtnjtl-7EREwewkhtO8t73Dq6Pf_yhRLCN-yhFT413vwZ6qyStSdW6uCbGEjkhXLYwCrX8srB9uMHlqTrolgOYI_LuwdSpGF-TMtMM5LKkIVEBexzWHOm9_0PKFJGxnSnwEsAAY35uH52scxDz156W_FfZLldQmUu2HnBmIJ5pNqtsWRmqYHKPNzxUKlTqDcBgKte1z5Dt0OuMlZ5Oo-Gwpe1RMjJlyRmZ2zpPZoVvfkf8AdKdLKNsNb9iQ7dng6AR-QOYCNJvH8WEHexRivH0WyWe863vOAHQcRzXwYhrmpY4EmwO3bm0lCNXepUfRQPc2-MWP0-vRElTMPGX6pjOsyGvkEUb1vzxycQl818qCcKq4c_x-m7Pc5P9mUXq4up2GYmHPEdgVVNrH82SK61aLPaINOimu4ytumIyGBBJ0n9FOnrGghfGeSKmG3TALk-f8MangTUUNFWILadUAoHb94DzJnrzO4OufygX3HA5CNyAio11fvyGE657i8vUyPu81ZjKHGv8649HL7QHz51tSV_40D8hdosB71b_GOF8SzMymLJOwsH4N_ZyAahyvRUzQmu76_rNadB9tubWEWTeUqulf-f3nQ4g2UQ"",""path"":""/""},{""name"":""uzrprm"",""value"":""[[\""115\"",\""115\"",\""115\"",\""115\"",\""114\"",\""114\"",\""114\"",\""109\"",\""104\"",\""113\"",\""115\"",\""114\"",\""113\"",\""112\"",\""108\"",\""110\"",\""66\""],[\""718\"",\""715\"",\""713\"",\""712\"",\""723\"",\""721\"",\""719\"",\""776\"",\""771\"",\""709\"",\""782\"",\""781\"",\""780\"",\""779\"",\""775\"",\""777\"",\""708\""],[1,1,1,1,1,1,1,1,2,1,1,1,1,1,2,3,null]]"",""path"":""/""}]"
"2025-10-03T16:44:54.743Z","info","new request in wallet for deposit _FIRST-FORM_ data data: {""amount"":125000000,""mobile"":""09357894668"",""cust_name"":""امیرعلی نورمحمدی "",""order_id"":""f9fe3251-be4e-4c89-9d1b-368b6235fe1a""} user: [{""name"":""role"",""value"":""157"",""path"":""/""},{""name"":""user_status"",""value"":""ACTIVE"",""path"":""/""},{""name"":""role_type"",""value"":""1"",""path"":""/""},{""name"":""role_count"",""value"":""2"",""path"":""/""},{""name"":""mobile"",""value"":""09351836969"",""path"":""/""},{""name"":""lastlogin_date"",""value"":""1404-07-11"",""path"":""/""},{""name"":""deposit-amount"",""value"":""125000000"",""path"":""/""},{""name"":""deposit-token"",""value"":""6d5ccd65-587b-4247-85de-1374dc845233"",""path"":""/""},{""name"":""lastlogin_time"",""value"":""20:08:05"",""path"":""/""},{""name"":""access_token"",""value"":""eyJhbGciOiJSUzI1NiIsInR5cCI6IkpXVCJ9.eyJpc3MiOiJodHRwczovL3Nzby5tYXN0ZXIubG9jYWwiLCJzdWIiOiIxMjMiLCJhdWQiOiJtYXN0ZXIiLCJpYXQiOjE3NTk1MDk4NTIsIm5iZiI6MTc1OTUwOTg0NywiZXhwIjoxNzU5NTIwNjUyLCJqdGkiOiIzZmMzYWQ0Ny1hYmQ4LTRlZmYtYTFlNi1jYzIzZjJiMzEyZWYiLCJ0eXBlIjoiYWNjZXNzIiwidXNlcm5hbWUiOiIwOTEyNTU5MjU2NyIsImVtYWlsIjoiTiIsIm1vYmlsZSI6IjA5MTI1NTkyNTY3Iiwicm9sZXMiOiJBU1NJU1RBTlQiLCJhcHBfaWQiOiJtYXN0ZXIiLCJpcCI6IjJhMDE6NWVjMDoyMDA0OmRhNzc6NDQ3NDo4MzA6NWU5OTo2YTZkIiwiZGV2aWNlX2lkIjpudWxsLCJ0ZW5hbnQiOm51bGwsInRpbWV6b25lIjoiQXNpYS9UZWhyYW4ifQ.CcH-1knZ0bIgY6oWcsgzjkfvg2s6wEB-fogrt_KQEm1kCDWXd-0XyU5m8wLR7yhIaa1WfaaYJKhz0iLISgKnTxb5JcP46NlB2VnAiDqeoG3YbmsoOGKvX15jsW0YcKzjRFClW1vOh_xaWnc0uRz3JbKrZD1nV4yeCAnE5jg8uAC6ShiS7XEl4_atGpbW3XBb6Tl5jwQvGYRkHMRtb2olUl9VLHvaEB5DDV_q00n1J4S8dUsvv7whnl9z3GwRQ4md8jjniRwWawOc-Xxfq7AhjqSLaM_SsPH7rKw5aXDDi3_1GC76IdW2mSv9f8VBhx5qf_UO144ZPC9rvbY-rafj551jFnELAw2_Sw3KzqQbmBetQwf6QbPJvyPrSI0TMXm5GL9GcwscOCgeSWzE-T701Crdph4cvVqyERkhV0tLhJ116eIj-3CSU9ifZkTBpPAQbq4UnZTxYADIqIu2uT8V4BJvco6MOq8Ke6gGMnNbWWX9awjcECm68sYvQn0cf4Lnc_L6vuHsNZP1GgRsQBnwtZUcpv5NVO1ptXQmUhTkrI_zuubcVQBB8MdSIS9-S7HyYh0rBQOwWwUEiF15nzrq1XJ4c3aOtO-VaY3OD2ZKP5F1bHDgg1HLAnaUusbpoJYxBcWc32STq7O7RK5mAWvZ1TCzEcAvDzVh4UoQ6JZ9eeI"",""path"":""/""},{""name"":""uzrprm"",""value"":""[[\""115\"",\""115\"",\""115\"",\""115\"",\""114\"",\""114\"",\""114\"",\""109\"",\""104\"",\""113\"",\""115\"",\""114\"",\""113\"",\""112\"",\""108\"",\""110\"",\""66\""],[\""718\"",\""715\"",\""713\"",\""712\"",\""723\"",\""721\"",\""719\"",\""776\"",\""771\"",\""709\"",\""782\"",\""781\"",\""780\"",\""779\"",\""775\"",\""777\"",\""708\""],[1,1,1,1,1,1,1,1,2,1,1,1,1,1,2,3,null]]"",""path"":""/""}]"
